Artist,Track

anti-flag,i'd tell you but...
antonio vega,hoy me dio por ser honesto
arena hash,el túnel del bus
arena hash,quiero vivir talvez sin amor
aztec camera,all i need is everything [latin mix]
aztec camera,deep and wide and tall [breakdown mix]
aztec camera,dream sweet dreams
aztec camera,head is happy (heart's insane)
aztec camera,how men are
aztec camera,jump
aztec camera,just like the usa
aztec camera,"just like the usa [sala apolo, barcelona, 5-05-92]"
aztec camera,killermont street
aztec camera,let your love decide
aztec camera,"let your love decide [ronnie scott's club, london, 23-06-91]"
aztec camera,method of love
aztec camera,more than a law
aztec camera,notting hill blues
aztec camera,oblivious
aztec camera,"rainy season [phoenix festival, long marston, 14-07-95]"
aztec camera,release
aztec camera,sister ann
aztec camera,spanish horses
aztec camera,stray
aztec camera,the back door to heaven
aztec camera,"the birth of the true [the dominion theatre, london, 16-10-84]"
aztec camera,"the bugle sounds again [the dominion theatre, london, 16-10-84]"
aztec camera,valium summer
aztec camera,vertigo
aztec camera,working in a goldmine
b.b. king,every day ( i have the blues )
b.b. king,paying the cost to be the boss

big brother & the holding company,catch me daddy (live)
big brother & the holding company,flower in the sun (previously unissued)
big brother & the holding company,magic of love (live)
big brother & the holding company,summertime

café quijano,cerrando bares
café quijano,dame de esa boca
café quijano,de piratas
café quijano,de sol a sol
café quijano,desde brasil
café quijano,el arte del teatro
café quijano,el loco triste
café quijano,el perdido
café quijano,en aquel hotel jamaicano
café quijano,en mis besos
café quijano,falsas promesas
café quijano,hablando a un cristal
café quijano,la duquesa
café quijano,la lola
café quijano,la taberna del buda
café quijano,las llaves de raquel
café quijano,los locos
café quijano,"lucía, la corista"
café quijano,lágrimas de miel
café quijano,morenita
café quijano,nada de na
café quijano,nadie lo entiende
café quijano,no tienes corazón
café quijano,no tienes corazón (con joaquín sabina)
café quijano,otra vez (que pena de mi)
café quijano,que le debo a la vida
café quijano,qué poca cosa
café quijano,sangre negra
café quijano,tequila
café quijano,todo es mentira
café quijano,vete de mí
café quijano,¡qué grande es esto del amor!
café quijano,¿por qué me miente?

crack,descenso en el mahëllstrong
curved air,back street luv
curved air,jumbo
curved air,you know
curved air,young mother
dale cooper quartet & the dictaphones,une petit cellier
dead kennedys,california über alles
derek warfield,get out ye black and tans
desakato - topic,a la soledad
desakato - topic,contra el dolor
desakato - topic,kien okupa
desakato - topic,kiero ser
desakato - topic,los mineros
desakato - topic,mañana fria
desakato - topic,mundo loco
desakato - topic,n'alcordanza
desakato - topic,octubres rotos
desakato - topic,ritcher 7.5
desakato - topic,tu disfraz
dfgfhjd,la guerra di piero - fabrizio de andré (con testo)
disney junior españa,mulán: mejores momentos - mulán conoce a mushu | disney junior oficial
eagles,hotel california
eagles,life in the fast lane
eagles,new kid in town
eagles,pretty maids all in a row
eagles,the last resort
eagles,try and love again
eagles,victim of love
eagles,wasted time
eagles,wasted time (reprise)
el arrebato,callejeando
el arrebato,cantaré
el arrebato,cuando dijo adiós
el arrebato,duele
el arrebato,en el número catorce
el arrebato,la desagradecida
el arrebato,maldeamores
el arrebato,mucha gente
el arrebato,no me preguntes
el arrebato,oju lo que la quiero
el drogas,"frío con fito, rosendo y carlos tarque (un día nada más)"
el lucky blockisito secretito,samsung alarma homecoming sonido
elektroduendes,armas de destrucción
enrique morente,aunque es de noche
enrique morente - topic,tienes la cara
eric clapton,cocaine
estopa,te vi te vi
extremoduro,decidí - versión 2004
extremoduro,j.d. la central nuclear
extremoduro,romperás
extremoduro,si te vas
extremoduro,"stand by (directo, 2002)"
fabrizio de andré,'a cimma
fabrizio de andré,a cùmba
fabrizio de andré,a dumenega
fabrizio de andré,a pittima
fabrizio de andré,al ballo mascherato
fabrizio de andré,amico fragile
fabrizio de andré,amore che vieni amore che vai
fabrizio de andré,andrea
fabrizio de andré,anime salve
fabrizio de andré,ave maria
fabrizio de andré,avventura a durango
fabrizio de andré,ballata degli impiccati
fabrizio de andré,ballata dell'amore cieco
fabrizio de andré,bocca di rosa
fabrizio de andré,cantico dei drogati
fabrizio de andré,canto del servo pastore
fabrizio de andré,canzone del maggio
fabrizio de andré,canzone dell'amore perduto
fabrizio de andré,canzone per l'estate
fabrizio de andré,carlo martello ritorna dalla battaglia di poitiers
fabrizio de andré,coda di lupo
fabrizio de andré,corale (leggenda del re infelice)
fabrizio de andré,creuza de ma
fabrizio de andré,d'a me riva
fabrizio de andré,delitto di paese
fabrizio de andré,disamistade
fabrizio de andré,dolce luna
fabrizio de andré,dolcenera
fabrizio de andré,don raffae'
fabrizio de andré,dormono sulla collina
fabrizio de andré,fila la lana
fabrizio de andré,fiume sand creek
fabrizio de andré,folaghe
fabrizio de andré,franziska
fabrizio de andré,giovanna d'arco
fabrizio de andré,girotondo
fabrizio de andré,giugno '73
fabrizio de andré,ho visto nina volare
fabrizio de andré,hotel supramonte
fabrizio de andré,il bombarolo
fabrizio de andré,il gorilla
fabrizio de andré,il re fa rullare i tamburi
fabrizio de andré,il ritorno di giuseppe
fabrizio de andré,il sogno di maria
fabrizio de andré,il suonatore jones
fabrizio de andré,il testamento
fabrizio de andré,il testamento di tito
fabrizio de andré,introduzione
fabrizio de andré,inverno
fabrizio de andré,jamin-a
fabrizio de andré,khorakhane (a forza di essere vento)
fabrizio de andré,l'infanzia di maria
fabrizio de andré,la ballata del michè
fabrizio de andré,la ballata dell'eroe
fabrizio de andré,la bomba in testa
fabrizio de andré,la canzone del padre
fabrizio de andré,la canzone di barbara
fabrizio de andré,la canzone di marinella
fabrizio de andré,la cattiva strada
fabrizio de andré,la città vecchia
fabrizio de andré,la domenica delle salme
fabrizio de andré,la guerra di piero
fabrizio de andré,la morte
fabrizio de andré,la nova gelosia
fabrizio de andré,la stagione del tuo amore
fabrizio de andré,laudate dominum
fabrizio de andré,laudate hominem
fabrizio de andré,le acciughe fanno il pallone
fabrizio de andré,le nuvole
fabrizio de andré,le passanti
fabrizio de andré,le storie di ieri
fabrizio de andré,leggenda di natale
fabrizio de andré,marcia nuziale
fabrizio de andré,maria nella bottega del falegname
fabrizio de andré,megu megun
fabrizio de andré,monti di mola
fabrizio de andré,morire per delle idee
fabrizio de andré,nancy
fabrizio de andré,nell'acqua della chiara fontana
fabrizio de andré,nella mia ora di libertà
fabrizio de andré,oceano
fabrizio de andré,ottocento
fabrizio de andré,parlando del naufragio della 'london valour'
fabrizio de andré,preghiera in gennaio
fabrizio de andré,primo intermezzo
fabrizio de andré,princesa
fabrizio de andré,quello che non ho
fabrizio de andré,recitativo (due invocazioni e un atto di accusa)
fabrizio de andré,rimini
fabrizio de andré,s'i' fosse foco
fabrizio de andré,sally
fabrizio de andré,se ti tagliassero a pezzetti
fabrizio de andré,secondo intermezzo
fabrizio de andré,si chiamava gesù
fabrizio de andré,sidùn
fabrizio de andré,sinan capudan pascia
fabrizio de andré,smisurata preghiera
fabrizio de andré,sogno numero due
fabrizio de andré,spiritual
fabrizio de andré,suzanne
fabrizio de andré,tema di rimini
fabrizio de andré,terzo intermezzo
fabrizio de andré,tre madri
fabrizio de andré,un blasfemo (dietro ogni blasfemo c'è un giardino incantato)
fabrizio de andré,un chimico
fabrizio de andré,un giudice
fabrizio de andré,un malato di cuore
fabrizio de andré,un matto (dietro ogni scemo c'è un villaggio)
fabrizio de andré,un medico
fabrizio de andré,un ottico
fabrizio de andré,valzer per un amore
fabrizio de andré,verdi pascoli
fabrizio de andré,verranno a chiederti del nostro amore
fabrizio de andré,via del campo
fabrizio de andré,via della croce
fabrizio de andré,via della poverta' (desolation row)
fabrizio de andré,volta la carta
fabrizio de andré,zirichiltaggia
fito & fitipaldis,214 sullivan street
fito & fitipaldis,abrazado a la tristeza
fito & fitipaldis,acabo de llegar
fito & fitipaldis,como pollo sin cabeza
fito & fitipaldis,corazón oxidado
fito & fitipaldis,deltoya
fito & fitipaldis,donde todo empieza
fito & fitipaldis,el ojo que me mira
fito & fitipaldis,esta noche
fito & fitipaldis,feo
fito & fitipaldis,la casa por el tejado
fito & fitipaldis,las nubes de tu pelo
fito & fitipaldis,me equivocaría otra vez
fito & fitipaldis,medalla de cartón
fito & fitipaldis,nada que decir
fito & fitipaldis,no soy bo diddley
fito & fitipaldis,por la boca vive el pez
fito & fitipaldis,quiero ser una estrella
fito & fitipaldis,siempre estoy soñando
fito & fitipaldis,sobra la luz
fito & fitipaldis,soldadito marinero
fito & fitipaldis,un buen castigo
fito & fitipaldis,vamonó
fito & fitipaldis,viene y va
fito & fitipaldis,whisky barato
fito y fitipaldis,me equivocaría otra vez
fito y fitipaldis,por la boca vive el pez
fleetwood mac,the chain - 2004 remaster
francesco guccini,canzone di notte n.2
francesco guccini,canzone quasi d'amore
francesco guccini,il pensionato
francesco guccini,l'avvelenata
francesco guccini,piccola storia ignobile
francesco guccini,via paolo fabbri 43
ghost,life eternal
gino paoli,il cielo in una stanza
godspeed you! black emperor,'providence'
godspeed you! black emperor,the dead flag blues
gorillaz,feel good inc.
"grupo frontera, fuerza regida",coqueta (letra oficial)
hawkwind,brainbox pollution
hawkwind,brainstorm
hawkwind,down through the night
hawkwind,ejection
hawkwind,lord of light
hawkwind,one change
hawkwind,space is deep
hawkwind,the watcher
hawkwind,time we left this world today
hawkwind,urban guerilla
hot playlist with red screen,hot playlist with red screen~
humbe,cómo respirar??? (visualizer)
héroes del silencio,sal - senda
i nomadi,ala bianca (sixty years on) (remaster 1994)
i nomadi,baraduka' (remaster 1994)
i nomadi,beautiful day (remaster 1994)
i nomadi,come potete giudicar (the revolution kind) (remaster 1994)
i nomadi,dio è morto (remaster 1994)
i nomadi,il disgelo (remaster 1994)
i nomadi,il nome di lei (gotta see jane) (remaster 1994)
i nomadi,il vecchio e il bambino (2007 remaster)
i nomadi,joe mitraglia (remaster 1994)
i nomadi,la città (2007 remaster)
i nomadi,la devianza (2007 remaster)
i nomadi,ma piano (per non svegliarmi) (remaster 1994)
i nomadi,mai come lei nessuna (run to the sun) (remaster 1994)
i nomadi,mille e una sera (remaster 1994)
i nomadi,naracauli (remaster 1994)
i nomadi,noi (remaster 1994)
i nomadi,noi non ci saremo (remaster 1994)
i nomadi,non dimenticarti di me (remaster 1994)
i nomadi,per fare un uomo (remaster 1994)
i nomadi,per quando noi non ci saremo (remaster 1994)
i nomadi,quattro lire e noi (remaster 1994)
i nomadi,riverisco (parte 1: la foresta) (2007 remaster)
i nomadi,so che mi perdonerai (remaster 1994)
i nomadi,spegni quella luce (remaster 1994)
i nomadi,suoni (remaster 1994)
i nomadi,ti voglio (remaster 1994)
i nomadi,tutto passa (remaster 1994)
i nomadi,un pugno di sabbia (remaster 1994)
i nomadi,"vai via, cosa vuoi (all the love in world) (remaster 1994)"
i nomadi,vola (remaster 1994)
izi,fumo da solo testo
j.c. lodge,telephone love
janet jackson,luv me luv me
jarabe de palo,cambia la piel
jarabe de palo,como peces en el agua
jarabe de palo,desamor
jarabe de palo,dueño de mi silencio
jarabe de palo,el bosque de palo
jarabe de palo,el lado oscuro
jarabe de palo,en conexión
jarabe de palo,grita
jarabe de palo,la flaca
jarabe de palo,la flaca [acústica]
jarabe de palo,no suelo compararme
jarabe de palo,quiero ser poeta
jarabe de palo,quitame la vida
jarabe de palo,vuela
jarabe de palo,yin yang
jeanette,me olvidarás
jeanette,te esperaré
jefferson airplane,tobacco road
joan manuel serrat - topic,mediterraneo
joaquin sabina,19 dias y 500 noches (video oficial)
john lee hooker,boom boom
john lee hooker,hard headed woman
john lee hooker,hobo blues
john lee hooker,house rent boogie
john lee hooker,i wanna walk
john lee hooker,i want to hug you
john lee hooker,i want to shout
john lee hooker,i'm so excited
john lee hooker,keep your hands to yourself
john lee hooker,onions
john lee hooker,send me your pillow
john lee hooker,she shot me down
john lee hooker,want ad blues
john lee hooker,what do you say
johnny gill,slow and sexy
juanma rodríguez,cuando parecía que 'el chiringuito' iba a ir por aquí...va por allá
juanma rodríguez,la 'notte' iba por 'qui'...y de repente...¡¡por 'qua'!!
julie walters feels 50 cent’s tongue,the graham norton show
justinguitar songs,before you accuse me by eric clapton | easy guitar lesson
ketama,agustito
ketama,así me siento
ketama,el lago
ketama,grito con el korazón
ketama,k' cha chá
ketama,kanela y menta
ketama,ke no
ketama,miéteme
ketama,paren el mundo
ketama,soledad
ketama,tan lejos
krs-one,the jam [the bridge remix]
këkht aräkh,amor
la fuga - topic,abril
la fuga - topic,al amanecer
la fuga - topic,amor de contenedor
la fuga - topic,baja por diversión (feat. el drogas)
la fuga - topic,buscando en la basura
la fuga - topic,el manual
la fuga - topic,gigante
la fuga - topic,heroína
la fuga - topic,las olas
la fuga - topic,luna de miel
la fuga - topic,mendigo
la la land,mia & sebastian's theme - accurate piano tutorial with sheet music
led zeppelin,babe i'm gonna leave you
led zeppelin,black mountain side [instrumental]
led zeppelin,bring it on home
led zeppelin,bron-y-aur stomp
led zeppelin,celebration day
led zeppelin,communication breakdown
led zeppelin,d'yer mak'er
led zeppelin,dancing days
led zeppelin,dazed and confused
led zeppelin,friends
led zeppelin,gallows pole
led zeppelin,good times bad times
led zeppelin,hats off to (roy) harper
led zeppelin,heartbreaker
led zeppelin,how many more times
led zeppelin,i can't quit you baby
led zeppelin,immigrant song
led zeppelin,living loving maid (she's just a woman)
led zeppelin,moby dick
led zeppelin,no quarter
led zeppelin,out on the tiles
led zeppelin,over the hills and far away
led zeppelin,ramble on
led zeppelin,since i've been loving you
led zeppelin,thank you
led zeppelin,that's the way
led zeppelin,the crunge
led zeppelin,the lemon song
led zeppelin,the ocean
led zeppelin,the rain song
led zeppelin,the song remains the same
led zeppelin,what is and what should never be
led zeppelin,whole lotta love
led zeppelin,you shook me
led zeppelin,your time is gonna come
loquillo,loquillo - viva durruti (xx aniversario - nueva mezcla) - audio oficial
los punsetes,una persona sospechosa
lou reed,walk on the wild side
luca perez tabernero,soy un gnomo-piperrak
manu chao,bongo bong
manu chao,clandestino
manu chao,desaparecido
manu chao,dia lina... dia pena
manu chao,el viento
manu chao,je ne t'aime plus
manu chao,la despedida
manu chao,la vie a
manu chao,lagrimas de oro
manu chao,luna y sol
manu chao,malegria
manu chao,mama call
manu chao,mentira...
manu chao,minha galera
manu chao,por el suelo
manu chao,welcome to tijuana
maná,aname hasta que me muera
maná,buscandola
maná,chaman
maná,clavado en un bar
maná,como dueles en los labios
maná,como te extraño corazon
maná,en el muelle de san blas
maná,estoy agotado
maná,falta amor
maná,gitana
maná,hechicera
maná,la puerta azul
maná,la sirena
maná,maeo
maná,me voy a convertir en un ave
maná,no me mores asi
maná,perdido en un barco
maná,rayando el sol
maná,refrigerador
maná,robame el alma
maná,soledad
maná,tu tienes lo que quiero
maná,un lobo por tu amor
melendi,andadas
melendi,arriba extremoduro
melendi,asturias [*]
melendi,calle la pantomima
melendi,con la luna llena
melendi,contando primaveras
melendi,desde mi ventana
melendi,echarte a suertes
melendi,el informe del forense
melendi,hablando en plata
melendi,kisiera yo saber
melendi,loco
melendi,mesías de vallecas
melendi,mi rumbita pa' tus pies
melendi,mientras no cueste trabajo
melendi,moratalá [*]
melendi,por amarte tanto
melendi,porque tu no eres un coche
melendi,quiero ser feliz
melendi,sin noticias de holanda
melendi,sé lo que hicisteis
melendi,trae pa'k esa yerba buena
melendi,un recuerdo que olvidar
melendi,una historia de tantas
melendi,volantes pa la falda mi gitana
melendi,vuelvo a traficar
mibellagenio007,nino bravo - te quiero te quiero
michael rose,shine eye gal
modulos,adiós al ayer
modulos,al ponerse el sol - 2015 remaster
modulos,dulces palabras
modulos,el bandolero
modulos,el sonido del silencio
modulos,en mis sueños
modulos,"hello, goodbye!"
modulos,juan
modulos,luz errante
modulos,nada me importa
modulos,nada me importa - 2015 remaster
modulos,noche de amor
modulos,para un mundo diferente - 2015 remaster
modulos,piensa en mí - 2015 remaster
modulos,promesas - 2015 remaster
modulos,quiero olvidar
modulos,quisiera conseguir
modulos,realidad
modulos,sólo tu
modulos,sуlo tú
modulos,todo tiene su fin
modulos,un nuevo día
modulos,yesterday
mojinos escozios,mojinos escozios - el chow chow (feat. david demaria)
monkey music,save one song ⭐️🎶 1970s vs 1980s vs 1990s vs 2000s vs 2010s vs 2020s ( 6 decades song) | music quiz
monkey music,save one song: 8 songs decades 🎶 legendary songs✨ | music quiz 2026
nacha pop & antonio vega,ahora se que mis amigos
nacha pop & antonio vega,anatomía de una ola
nacha pop & antonio vega,angel caído
nacha pop & antonio vega,asustado estoy
nacha pop & antonio vega,cada uno su razón
nacha pop & antonio vega,desordenada habitación
nacha pop & antonio vega,el sitio de mi recreo
nacha pop & antonio vega,elixir de juventud
nacha pop & antonio vega,esperando nada
nacha pop & antonio vega,grité una noche
nacha pop & antonio vega,la chica de ayer (live)
nacha pop & antonio vega,lo mejor de nuestra vida
nacha pop & antonio vega,lo que tu y yo sabemos
nacha pop & antonio vega,lucha de gigantes
nacha pop & antonio vega,lágrimas al suelo
nacha pop & antonio vega,nadie puede parar (live)
nacha pop & antonio vega,no se acaban las calles
nacha pop & antonio vega,nuevo plan
nacha pop & antonio vega,océano de sol
nacha pop & antonio vega,persiguiendo sombras
nacha pop & antonio vega,puertas abiertas
nacha pop & antonio vega,relojes en la oscuridad
nacha pop & antonio vega,sentado al borde de ti
nacha pop & antonio vega,si esto fuera amor
nacha pop & antonio vega,sol del caribe (live)
nacha pop & antonio vega,sácame
nacha pop & antonio vega,una décima de segundo (live)
nacha pop & antonio vega,vistete
nacha pop & antonio vega,¿quien soy?
nadal015,street shark
nea zixnh,thin lizzy - whiskey in the jar 1973 video sound hq
nena,99 luftballons
netherworld,atlantis
nino bravo,amanecer
nino bravo,"américa, américa"
nino bravo,aquel amor
nino bravo,aquel atardecer
nino bravo,arena de otoño
nino bravo,cantaré
nino bravo,carolina
nino bravo,cartas amarillas
nino bravo,como todos
nino bravo,contigo soy feliz
nino bravo,el adiós
nino bravo,el amor
nino bravo,el tren se va
nino bravo,elisabeth
nino bravo,en libertad
nino bravo,eres todo cuanto quiero
nino bravo,es el viento
nino bravo,esa será mi casa
nino bravo,ese hombre
nino bravo,flor de invernadero
nino bravo,gracias a ti
nino bravo,hoy soy feliz
nino bravo,hoy te quiero ofrecer
nino bravo,la niña es ya mujer
nino bravo,laura
nino bravo,libre
nino bravo,mi gran amor
nino bravo,mi mundo está vacío
nino bravo,mi querida mamá
nino bravo,mi tierra
nino bravo,mis noches sin ti
nino bravo,mona lisa
nino bravo,ni el viento ni el tiempo
nino bravo,no debo pensar en ti
nino bravo,noelia
nino bravo,nuestro hogar será el mundo
nino bravo,para darte mi corazón
nino bravo,para qué seguir
nino bravo,perdona
nino bravo,pintaré tu color
nino bravo,por culpa tuya
nino bravo,por fin mañana
nino bravo,por fin mi amor
nino bravo,por qué
nino bravo,"potpourri te quiero, te quiero"
nino bravo,puerta de amor
nino bravo,"señora, señora"
nino bravo,"te acuerdas, maría"
nino bravo,te amaré
nino bravo,"te quiero, te quiero"
nino bravo,tú cambiarás
nino bravo,un beso y una flor
nino bravo,vete
nino bravo,vivir
nino bravo,volver a empezar
nino bravo,voy buscando
nino bravo,vuelve
nino bravo,vuelvo a estar sin ti
nino bravo,yo no sé por qué esta melodía
nino bravo,yo te quiero dar
nino bravo,¿quién eres tú?
nino bravo - topic,"américa, américa"
nino bravo - topic,cartas amarillas
nino bravo - topic,como todos
nomadi,aiutala
nomadi,ala bianca (sixty years on)
nomadi,amici miei (parte 1a)
nomadi,amici miei (parte 2a)
nomadi,amici miei (parte 3a)
nomadi,amici miei (parte 4a)
nomadi,canzone d'amore
nomadi,canzone della bambina portoghese (2007 remaster)
nomadi,casa mia
nomadi,come potete giudicar
nomadi,costa dell'est
nomadi,crescerai
nomadi,dio è morto
nomadi,ed io
nomadi,estate
nomadi,gira
nomadi,gli aironi neri
nomadi,gordon
nomadi,ho difeso il mio amore (nights in white satin)
nomadi,i gatti randagi
nomadi,i ragazzi dell'olivo
nomadi,i tre miti
nomadi,icaro
nomadi,il falò
nomadi,il fiume
nomadi,il paese delle favole
nomadi,il pilota di hiroshima
nomadi,il treno della notte
nomadi,il vecchio e il bambino
nomadi,il vecchio e il bambino (live)
nomadi,io vagabondo (che non sono altro)
nomadi,jenny
nomadi,la mia canzone per gli amici
nomadi,la mia città
nomadi,luisa (1994 digital remaster)
nomadi,ma noi no!
nomadi,marta
nomadi,mercanti e servi
nomadi,michelina
nomadi,nella sera
nomadi,noi non ci saremo
nomadi,non credevi
nomadi,origini
nomadi,per fare un uomo
nomadi,per quando é tardi
nomadi,rebecca (un gioco di società) (1994 digital remaster)
nomadi,rosso
nomadi,rotolando va
nomadi,salvador (15 anni dopo)
nomadi,sara' come il tempo vuole
nomadi,segnali caotici
nomadi,senza patria
nomadi,sera bolognese
nomadi,storie di mare
nomadi,suoni
nomadi,tutto a posto
nomadi,un giorno insieme
nomadi,utopia
nomadi,voglia d'inverno
nomadi,è giorno ancora
oasis,(get off your) high horse lady
oasis,ain't got nothin'
oasis,bag it up
oasis,falling down
oasis,i'm outta time
oasis,let's all make believe
oasis,soldier on
oasis,stop crying your heart out
oasis,the nature of reality
oasis,the shock of the lightning
oasis,the turning
oasis,to be where there's life
oasis,waiting for the rapture
ojetecalormusica,ojete calor - mocatriz
paco de lucía,a la perla de cadiz (cantinas)
paco de lucía,almoraima (bulerias)
paco de lucía,cobre (sevillanas)
paco de lucía,cueva del gato (rondena)
paco de lucía,entre dos aguas (1976) full video
paco de lucía,llanos del real (minera)
paco de lucía,ole (jaleos)
paco de lucía,plaza alta (soleá)
paco de lucía,rio ancho (rumba)
paco de lucía reaction,entre dos aguas - first time hearing - requested
patra,ice cream love
pedro suarez vertiz,un vino una cerveza (video oficial)
pink floyd,breathe (in the air)
pink floyd,pink floyd at pompeii – mcmlxxii - echoes - part 1 - edit
pink floyd,your possible pasts
prince,prince & the revolution - purple rain
prince,sign 'o' the times
quiz wavez,rank the singer 🎤 but without knowing the next one (2025) | quiz wavez
quiz wavez,"the letter challenge: name movies, singers, actors... from a to z | 2025 | quiz wavez"
rels b,lo que hay x aquí
renaissance,all the fallen angels (demo) (bonus)
renaissance,bullet
renaissance,cold is being
renaissance,dear landseer
renaissance,dolphins prayer
renaissance,eva's pond
renaissance,face of yesterday
renaissance,golden thread
renaissance,in my life
renaissance,in the sunshine
renaissance,innocence
renaissance,island
renaissance,kings and queens
renaissance,life in brazil
renaissance,love goes on
renaissance,love is all
renaissance,mr. pine
renaissance,opening out
renaissance,past orbits of dust
renaissance,pearls of wisdom
renaissance,prayer for light (from the film 'schizom') (bonus)
renaissance,the race
renaissance,the sea
renaissance,wanderer
riverside,schizophrenic prayer (remix)
robe,coda feliz
robe,cuarto movimiento: yo no soy el dueño de mis emociones
robe,interludio
robe,primer movimiento: después de la catársis
robe,segundo movimiento: mierda de filosofía
robe,tercer movimiento: un instante de luz
robe.,...y rozar contigo
robe.,de manera urgente
robe.,nana cruel
robe.,por ser un pervertido
robe.,ruptura leve
robe.,un suspiro acompasado
roger waters,bird in a gale
roger waters,broken bones
roger waters,deja vu
roger waters,is this the life we really want?
roger waters,oceans apart
roger waters,part of me died
roger waters,picture that
roger waters,smell the roses
roger waters,the last refugee
roger waters,the most beautiful girl
roger waters,the wall live in berlin 1990 (full concert)
roger waters,wait for her
roger waters,when we were young
roger waters the wall,"special appearance by david gilmour, o2, london - may 12, 2011 offical video"
rolando alarcón - topic,viva la quinta brigada
rondò veneziano,la serenissima
rosalía,berghain (official video) feat. björk & yves tumor
rosendo,corazón
rosendo,crucifixión
rosendo,flojos de pantalón
rosendo,sumisión
roy harper,roy harper - hors d'oeuvres
ruido blanco con pantalla negra,"dormir, estudiar y concentrarse | 10 horas"
runaway,kanye west
sabicas,bulerias
sabicas,farruca
sabicas,flamenco rock
sabicas,handclaps
sabicas,inca song
sabicas,joe's tune
sabicas,zambra
sabicas,zapateado
sade,all about our love
sade,by your side
sade,every word
sade,flow
sade,immigrant
sade,it's only love that gets you through
sade,king of sorrow
sade,lover's rock
sade,slave song
sade,the sweetest gift
santana,(da le) yaleo
save one song,rock vs. metal
scorpions,wind of change
shaggy,something different
siniestro total,bajo sus propias pistolas
siniestro total,inundacion
siniestro total,la rabia de vivir
siniestro total,llevadme a mi texas nata
siniestro total,llueve
siniestro total,vuelvo hacia el hogar
siniestro total,¿a quien vas a culpar?
smash,it´s only nothing
smash,love millionaire
smash (esp),ahimsa (no violencia)
smash (esp),forever walking (caminando para siempre)
smash (esp),free as the green little men (libre como los hombrecillos verdes)
smash (esp),glorieta de los lotos
smash (esp),it's only nothing (solamente nada)
smash (esp),"light blood, dark bleeding (sangre ligera, oscura sangría)"
smash (esp),love millionaire (millonario de amor)
smash (esp),nazarin again (nazarín de nuevo)
smash (esp),ottenos
smash (esp),rock and roll (rollo en las rocas)
smash (esp),sitting on the truth (sentado en la verdad)
smash (esp),tove and all that (tove y todo eso)
sound quiz,"save one song: random rules, newer challenging rules | music quiz 2026"
star wars,fate of the old republic teaser trailer
sui generis,cuando comenzamos a nacer
system of a down,lonely day (official hd video)
tame impala,"runway, houses, city, clouds"
testi freschi,fabrizio de andré - don raffaè (testo)
the beatles,being for the benefit of mr. kite!
the beatles,i've just seen a face
the beatles,kansas city / hey-hey-hey-hey!
the beatles,little child
the charlatans,blackened blue eyes
the charlatans,city of the dead
the charlatans,dead man's eye
the charlatans,for your entertainment
the charlatans,glory glory
the charlatans,muddy ground
the charlatans,n.y. c (no need to stop)
the charlatans,road to paradise
the charlatans,sunset & vine
the charlatans,the architect
the charlatans,when the lights go out in london
the gathering,frail (you might as well be me)
the gathering,great ocean road
the gathering,illuminating
the gathering,liberty bell
the gathering,locked away
the gathering,marooned
the gathering,my electricity
the gathering,probably built in the fifties
the gathering,red is a slow colour
the gathering,rescue me
the gathering,south american ghost ride
the gathering,the big sleep
the gathering,travel
the police,don't stand so close to me
the police,roxanne
the rolling stones,doncha bother me
the rolling stones,lady jane (mono version)
the rolling stones,stupid girl
the rolling stones,under my thumb
thin lizzy official,thin lizzy - saga of the ageing orphan (official audio)
tinariwen (+io:i),sastanàqqàm
tom petty,american girl
tom petty,anything that's rock 'n' roll
tom petty,breakdown
tom petty,don't come around here no more
tom petty,don't do me like that
tom petty,even the losers
tom petty,free fallin'
tom petty,here comes my girl
tom petty,i need to know
tom petty,i won't back down
tom petty,into the great wide open
tom petty,learning to fly
tom petty,listen to her heart
tom petty,mary jane's last dance
tom petty,refugee
tom petty,runnin' down a dream
tom petty,something in the air
tom petty,waiting
tom petty,you got lucky
triana,a través del aire
triana,cae fina la lluvia
triana,caudaloso río
triana,del crepúsculo lento nacerá el rocío
triana,encuentro fugaz
triana,fin
triana,hasta volver
triana,hijos del agobio
triana,necesito
triana,quiero contarte
triana,recuerdos de triana
triana,rumor
triana,sentimiento de amor
triana,sombra y luz
triana,sr. troncoso
triana,tiempo sin saber
triana,tu frialdad
triana,un extraño más
triana,un nido en mi ventana
triana,una historia
triana,vuelta a la sombra y a la luz
triana,ya está bien
vabejas,francisco tárrega - lágrima
viaja a la magia,canciones disney | juego adivina la canción
vicente amigo,de blanco y oro (tanguillo)
vicente amigo,el mandaito (buleria)
vicente amigo,limon de nata (rumba)
vicente amigo,mensaje (fandangos)
vicente amigo,querido methey (con paco de lucia)
vicente amigo,sierra del agua (rondena)
vicente amigo,ventanas al alma
waltdisneylat,mulan - presentación de mushu [audio latino]
white noise no ads,calming sounds for deep sleep and stress relief | 12 hours
white noise with black screen,"no ads | sleep sounds for babies, adults, focus work, and relaxing"
wunderhorse,teal
zqueco,tiene nombres mil
¡hackeando el amor en corazón de melón!,cómo dominar el juego con python
🍁 estoy entre un niña y el hachís 🍁,ferran tomas
🔴 the game awards 2025: official 4k60fps livestream (today,7:30p et / 4:30p pt / 12:30a gmt)
